Date,Symbol,Close,Day
2019-09-27,AAL,27.010000228881836,2019-09-27
2019-09-27,AAPL,218.82000732421875,2019-09-27
2019-09-27,ACB,4.619999885559082,2019-09-27
2019-09-27,ACER,3.299999952316284,2019-09-27
2019-09-27,ACST,1.9600000381469727,2019-09-27
2019-09-27,ADBE,277.5400085449219,2019-09-27
2019-09-27,ADDYY,155.88999938964844,2019-09-27
2019-09-27,AEP,94.19999694824219,2019-09-27
2019-09-27,AGTHX,48.970001220703125,2019-09-27
2019-09-27,ALGN,175.83999633789062,2019-09-27
2019-09-27,ALXN,97.7699966430664,2019-09-27
2019-09-27,AMAT,49.43000030517578,2019-09-27
2019-09-27,AMD,28.719999313354492,2019-09-27
2019-09-27,AMZN,1725.449951171875,2019-09-27
2019-09-27,ANET,242.77999877929688,2019-09-27
2019-09-27,APTV,86.87999725341797,2019-09-27
2019-09-27,ASML,243.7100067138672,2019-09-27
2019-09-27,ASPU,4.920000076293945,2019-09-27
2019-09-27,ATLC,8.890000343322754,2019-09-27
2019-09-27,ATVI,52.33000183105469,2019-09-27
2019-09-27,AVGO,274.1400146484375,2019-09-27
2019-09-27,BA,382.8599853515625,2019-09-27
2019-09-27,BABA,165.97999572753906,2019-09-27
2019-09-27,BAC,29.350000381469727,2019-09-27
2019-09-27,BAH,70.87999725341797,2019-09-27
2019-09-27,BAM,53.95000076293945,2019-09-27
2019-09-27,BBT,53.459999084472656,2019-09-27
2019-09-27,BEP,39.70000076293945,2019-09-27
2019-09-27,BJ,25.649999618530273,2019-09-27
2019-09-27,BLDR,20.389999389648438,2019-09-27
2019-09-27,BLL,72.79000091552734,2019-09-27
2019-09-27,BOX,15.960000038146973,2019-09-27
2019-09-27,BRK-B,207.4499969482422,2019-09-27
2019-09-27,BSX,40.310001373291016,2019-09-27
2019-09-27,BUD,94.41999816894531,2019-09-27
2019-09-27,BX,50.220001220703125,2019-09-27
2019-09-27,C,69.45999908447266,2019-09-27
2019-09-27,CARA,18.639999389648438,2019-09-27
2019-09-27,CASHPIO,1.0,2019-09-27
2019-09-27,CB,160.50999450683594,2019-09-27
2019-09-27,CELG,98.8499984741211,2019-09-27
2019-09-27,CGC,23.829999923706055,2019-09-27
2019-09-27,CHE,413.17999267578125,2019-09-27
2019-09-27,CHK,1.399999976158142,2019-09-27
2019-09-27,CHWY,26.010000228881836,2019-09-27
2019-09-27,CLB,45.869998931884766,2019-09-27
2019-09-27,CMCSA,44.810001373291016,2019-09-27
2019-09-27,CMG,818.8300170898438,2019-09-27
2019-09-27,COF,91.33999633789062,2019-09-27
2019-09-27,CORE,30.940000534057617,2019-09-27
2019-09-27,COST,285.95001220703125,2019-09-27
2019-09-27,COUP,127.88999938964844,2019-09-27
2019-09-27,CPRI,32.619998931884766,2019-09-27
2019-09-27,CRI,88.0199966430664,2019-09-27
2019-09-27,CRK,7.920000076293945,2019-09-27
2019-09-27,CRON,9.145000457763672,2019-09-27
2019-09-27,CRSP,42.36000061035156,2019-09-27
2019-09-27,CSCO,48.84000015258789,2019-09-27
2019-09-27,CTSH,58.75,2019-09-27
2019-09-27,CVRS,4.260000228881836,2019-09-27
2019-09-27,CVS,62.08000183105469,2019-09-27
2019-09-27,CWBHF,13.95259952545166,2019-09-27
2019-09-27,CWST,43.209999084472656,2019-09-27
2019-09-27,CXO,68.80000305175781,2019-09-27
2019-09-27,CYBR,98.69000244140625,2019-09-27
2019-09-27,DDD,8.09000015258789,2019-09-27
2019-09-27,DELL,50.95000076293945,2019-09-27
2019-09-27,DHI,52.13999938964844,2019-09-27
2019-09-27,DHXM,1.4199999570846558,2019-09-27
2019-09-27,DIS,129.9600067138672,2019-09-27
2019-09-27,DNR,1.2200000286102295,2019-09-27
2019-09-27,DOCU,60.63999938964844,2019-09-27
2019-09-27,DOW,47.06999969482422,2019-09-27
2019-09-27,DPW,2.2200000286102295,2019-09-27
2019-09-27,DRRX,1.9800000190734863,2019-09-27
2019-09-27,DXYN,1.2599999904632568,2019-09-27
2019-09-27,EA,95.66999816894531,2019-09-27
2019-09-27,ECA,4.610000133514404,2019-09-27
2019-09-27,EGRX,56.43000030517578,2019-09-27
2019-09-27,ENPH,22.260000228881836,2019-09-27
2019-09-27,EOG,74.9800033569336,2019-09-27
2019-09-27,EQIX,576.6199951171875,2019-09-27
2019-09-27,FAST,32.22999954223633,2019-09-27
2019-09-27,FATE,15.470000267028809,2019-09-27
2019-09-27,FB,177.10000610351562,2019-09-27
2019-09-27,FDX,144.9600067138672,2019-09-27
2019-09-27,FLOT,50.970001220703125,2019-09-27
2019-09-27,FNKO,20.06999969482422,2019-09-27
2019-09-27,FNMAL,22.68000030517578,2019-09-27
2019-09-27,FSLR,58.459999084472656,2019-09-27
2019-09-27,FTNT,76.22000122070312,2019-09-27
2019-09-27,GCO,39.209999084472656,2019-09-27
2019-09-27,GD,183.02000427246094,2019-09-27
2019-09-27,GDOT,25.229999542236328,2019-09-27
2019-09-27,GE,9.039999961853027,2019-09-27
2019-09-27,GILD,62.900001525878906,2019-09-27
2019-09-27,GME,5.340000152587891,2019-09-27
2019-09-27,GOOG,1225.0899658203125,2019-09-27
2019-09-27,GOOGL,1225.949951171875,2019-09-27
2019-09-27,GS,208.97000122070312,2019-09-27
2019-09-27,GSGRX,39.65999984741211,2019-09-27
2019-09-27,GWPH,116.41000366210938,2019-09-27
2019-09-27,HAS,118.81999969482422,2019-09-27
2019-09-27,HD,229.86000061035156,2019-09-27
2019-09-27,HOME,9.350000381469727,2019-09-27
2019-09-27,HON,168.0399932861328,2019-09-27
2019-09-27,HOV,18.420000076293945,2019-09-27
2019-09-27,IAG,3.6500000953674316,2019-09-27
2019-09-27,IBM,143.24000549316406,2019-09-27
2019-09-27,ICLN,10.829999923706055,2019-09-27
2019-09-27,ICON,1.7000000476837158,2019-09-27
2019-09-27,ILMN,301.2799987792969,2019-09-27
2019-09-27,INCY,72.81999969482422,2019-09-27
2019-09-27,INFY,11.210000038146973,2019-09-27
2019-09-27,INGN,47.77000045776367,2019-09-27
2019-09-27,INTC,50.779998779296875,2019-09-27
2019-09-27,INTU,263.19000244140625,2019-09-27
2019-09-27,IQV,148.25,2019-09-27
2019-09-27,JNJ,128.60000610351562,2019-09-27
2019-09-27,JP,2.359999895095825,2019-09-27
2019-09-27,JPM,117.72000122070312,2019-09-27
2019-09-27,KALV,11.859999656677246,2019-09-27
2019-09-27,KHC,27.84000015258789,2019-09-27
2019-09-27,KMB,142.05999755859375,2019-09-27
2019-09-27,KMX,87.4800033569336,2019-09-27
2019-09-27,KO,54.310001373291016,2019-09-27
2019-09-27,KR,25.739999771118164,2019-09-27
2019-09-27,KSS,49.63999938964844,2019-09-27
2019-09-27,LLNW,3.009999990463257,2019-09-27
2019-09-27,LLY,112.37000274658203,2019-09-27
2019-09-27,LMT,387.8699951171875,2019-09-27
2019-09-27,LOW,109.54000091552734,2019-09-27
2019-09-27,LRCX,230.0800018310547,2019-09-27
2019-09-27,LULU,189.72000122070312,2019-09-27
2019-09-27,MARK,1.1100000143051147,2019-09-27
2019-09-27,MCD,213.16000366210938,2019-09-27
2019-09-27,MCK,135.52999877929688,2019-09-27
2019-09-27,MED,101.01000213623047,2019-09-27
2019-09-27,MJ,21.459999084472656,2019-09-27
2019-09-27,MKTX,324.7099914550781,2019-09-27
2019-09-27,MO,40.130001068115234,2019-09-27
2019-09-27,MOMO,31.219999313354492,2019-09-27
2019-09-27,MSCI,215.88999938964844,2019-09-27
2019-09-27,MSFT,137.72999572753906,2019-09-27
2019-09-27,MTCH,72.41000366210938,2019-09-27
2019-09-27,MTZ,64.5,2019-09-27
2019-09-27,MU,43.209999084472656,2019-09-27
2019-09-27,NFLX,263.0799865722656,2019-09-27
2019-09-27,NGG,54.02000045776367,2019-09-27
2019-09-27,NKE,92.30999755859375,2019-09-27
2019-09-27,NM,5.019999980926514,2019-09-27
2019-09-27,NOC,371.17999267578125,2019-09-27
2019-09-27,NSEC,12.0,2019-09-27
2019-09-27,NSRGY,108.55000305175781,2019-09-27
2019-09-27,NTLA,13.350000381469727,2019-09-27
2019-09-27,NTNX,26.209999084472656,2019-09-27
2019-09-27,NVDA,171.75999450683594,2019-09-27
2019-09-27,NVTA,18.850000381469727,2019-09-27
2019-09-27,OEGAX,21.649999618530273,2019-09-27
2019-09-27,OKTA,97.05999755859375,2019-09-27
2019-09-27,ORCL,54.09000015258789,2019-09-27
2019-09-27,PBFS,12.670000076293945,2019-09-27
2019-09-27,PEP,135.60000610351562,2019-09-27
2019-09-27,PFE,36.220001220703125,2019-09-27
2019-09-27,PFPT,123.95999908447266,2019-09-27
2019-09-27,PG,124.56999969482422,2019-09-27
2019-09-27,PIR,10.869999885559082,2019-09-27
2019-09-27,PLAY,38.720001220703125,2019-09-27
2019-09-27,PLUG,2.5899999141693115,2019-09-27
2019-09-27,PW,10.149999618530273,2019-09-27
2019-09-27,PXD,126.31999969482422,2019-09-27
2019-09-27,PYPL,102.19999694824219,2019-09-27
2019-09-27,QQQ,187.02999877929688,2019-09-27
2019-09-27,RH,171.22999572753906,2019-09-27
2019-09-27,ROKU,99.73999786376953,2019-09-27
2019-09-27,ROX,1.2599999904632568,2019-09-27
2019-09-27,RTN,195.52000427246094,2019-09-27
2019-09-27,RUN,16.139999389648438,2019-09-27
2019-09-27,RVNC,13.760000228881836,2019-09-27
2019-09-27,SA,13.199999809265137,2019-09-27
2019-09-27,SAM,352.17999267578125,2019-09-27
2019-09-27,SBUX,88.37000274658203,2019-09-27
2019-09-27,SEDG,82.08000183105469,2019-09-27
2019-09-27,SFIX,18.34000015258789,2019-09-27
2019-09-27,SFM,19.200000762939453,2019-09-27
2019-09-27,SHAK,95.5199966430664,2019-09-27
2019-09-27,SHOP,305.69000244140625,2019-09-27
2019-09-27,SIVB,206.14999389648438,2019-09-27
2019-09-24,SKIS,11.0,2019-09-24
2019-09-27,SNAP,16.020000457763672,2019-09-27
2019-09-27,SNE,58.77000045776367,2019-09-27
2019-09-27,SNPS,136.2100067138672,2019-09-27
2019-09-27,SPAB,29.59000015258789,2019-09-27
2019-09-27,SPWH,5.190000057220459,2019-09-27
2019-09-27,SPY,295.3999938964844,2019-09-27
2019-09-27,SQ,60.75,2019-09-27
2019-09-27,SYK,213.61000061035156,2019-09-27
2019-09-27,T,37.43000030517578,2019-09-27
2019-09-27,TAP,57.470001220703125,2019-09-27
2019-09-27,TCEHY,40.88999938964844,2019-09-27
2019-09-27,TDY,320.8900146484375,2019-09-27
2019-09-27,TER,57.400001525878906,2019-09-27
2019-09-27,TGT,106.12000274658203,2019-09-27
2019-09-27,TLRY,25.940000534057617,2019-09-27
2019-09-27,TPL,632.0999755859375,2019-09-27
2019-09-27,TRBCX,113.43000030517578,2019-09-27
2019-09-27,TRV,148.0,2019-09-27
2019-09-27,TSLA,242.1300048828125,2019-09-27
2019-09-27,TSN,85.19999694824219,2019-09-27
2019-09-17,TSS,133.27000427246094,2019-09-17
2019-09-27,TV,9.5,2019-09-27
2019-09-27,TWTR,41.349998474121094,2019-09-27
2019-09-27,UAA,19.56999969482422,2019-09-27
2019-09-27,UEPS,3.759999990463257,2019-09-27
2019-09-27,URI,124.79000091552734,2019-09-27
2019-09-27,UTX,136.38999938964844,2019-09-27
2019-09-27,UUUU,1.9199999570846558,2019-09-27
2019-09-27,V,174.0,2019-09-27
2019-09-27,VHC,5.28000020980835,2019-09-27
2019-09-27,VIXY,20.09000015258789,2019-09-27
2019-09-27,VTSNX,110.69000244140625,2019-09-27
2019-09-27,VZ,60.29999923706055,2019-09-27
2019-09-27,WDC,60.4900016784668,2019-09-27
2019-09-27,WKHS,3.5399999618530273,2019-09-27
2019-09-27,WMGI,20.6299991607666,2019-09-27
2019-09-27,WMS,32.36000061035156,2019-09-27
2019-09-27,WMT,118.44999694824219,2019-09-27
2019-09-27,WORK,22.059999465942383,2019-09-27
2019-09-27,X,11.329999923706055,2019-09-27
2019-09-27,XERS,9.640000343322754,2019-09-27
2019-09-27,XOM,71.4800033569336,2019-09-27
2019-09-27,YUM,112.98999786376953,2019-09-27
2019-09-27,ZBH,134.1300048828125,2019-09-27
2019-09-27,ZIXI,7.170000076293945,2019-09-27
2019-09-27,ZUMZ,30.06999969482422,2019-09-27
